Score	antiSMASH_input	Contig_idx	BGC_idx	BGC_Variant_Idx	NRP_ID	NRP_Variant_Idx
34.95414644766536	test_data/antismash/BGC0000985/BGC0000985.json	1	1	0	BGC0000985.4	0
21.392717349152726	test_data/antismash/BGC0000359/BGC0000359.json	1	1	1	BGC0000359.1	0
10.470420301765916	test_data/antismash/BGC0002107/BGC0002107.json	1	1	1	BGC0002107.0	0
-7.533282650847283	test_data/antismash/BGC0002107/BGC0002107.json	1	1	1	BGC0000359.1	0
-7.7515796982340746	test_data/antismash/BGC0000359/BGC0000359.json	1	1	1	BGC0002107.0	0
-9.540853552334646	test_data/antismash/BGC0002107/BGC0002107.json	1	1	2	BGC0000985.4	0
-14.066579698234094	test_data/antismash/BGC0000985/BGC0000985.json	1	1	0	BGC0002107.0	0
-17.446853552334666	test_data/antismash/BGC0000359/BGC0000359.json	1	1	0	BGC0000985.4	0
-18.83928265084731	test_data/antismash/BGC0000985/BGC0000985.json	1	1	0	BGC0000359.1	0
